City_ID,City,Lat,Lng,Max Temp,Humidity,Cloudiness,Wind Speed,Country,Date
0,jiagedaqi,50.4167,124.1167,253.82,62,1,1.8,CN,1702358247
1,new norfolk,-42.7826,147.0587,295.87,29,87,2.79,AU,1702358248
2,piti village,13.4626,144.6933,303.88,76,75,5.14,GU,1702358248
3,isafjordur,66.0755,-23.124,268.06,79,34,3.0,IS,1702358248
4,ushuaia,-54.8,-68.3,281.96,57,0,1.54,AR,1702358249
5,avarua,-21.2078,-159.775,298.18,83,100,9.26,CK,1702358249
6,invercargill,-46.4,168.35,283.29,70,91,8.16,NZ,1702358250
7,aasiaat,68.7098,-52.8699,270.3,92,100,1.28,GL,1702358250
8,vicuna,-30.0319,-70.7081,284.0,63,0,0.98,CL,1702358142
9,lebu,-37.6167,-73.65,285.27,93,97,5.74,CL,1702358251
10,west island,-12.1568,96.8225,302.14,65,75,4.63,CC,1702358251
11,papatowai,-46.5619,169.4708,283.24,68,82,9.16,NZ,1702358251
12,lorengau,-2.0226,147.2712,302.69,76,89,6.92,PG,1702358252
13,nar'yan-mar,67.6713,53.087,258.93,92,100,6.92,RU,1702358252
14,wailua homesteads,22.0669,-159.378,296.9,88,40,3.6,US,1702358252
15,bilibino,68.0546,166.4372,252.89,94,100,1.42,RU,1702358253
16,ilulissat,69.2167,-51.1,275.16,69,100,5.66,GL,1702358253
17,i-n-salah,27.1935,2.4607,286.64,38,41,5.35,DZ,1702358254
18,gbarnga,6.9956,-9.4722,293.93,94,12,0.52,LR,1702358254
19,port-aux-francais,-49.35,70.2167,279.13,94,100,7.95,TF,1702358254
20,alofi,-19.0595,-169.9187,300.09,74,75,2.06,NU,1702358255
21,hawaiian paradise park,19.5933,-154.9731,295.39,96,75,1.54,US,1702358255
22,grytviken,-54.2811,-36.5092,274.25,79,8,1.01,GS,1702358255
23,northam,51.0333,-4.2167,283.92,95,53,6.73,GB,1702358256
24,bati,11.1833,40.0167,291.07,41,53,0.91,ET,1702358256
25,bodo,67.28,14.405,269.14,75,0,10.29,NO,1702358256
26,stanley,54.868,-1.6985,279.13,96,40,2.57,GB,1702358257
27,saddiqabad,28.3062,70.1307,295.4,15,7,1.78,PK,1702358257
28,waitangi,-43.9535,-176.5597,287.49,94,100,2.24,NZ,1702358258
29,khandyga,62.6667,135.6,239.95,97,100,0.56,RU,1702358258
30,talnakh,69.4865,88.3972,247.52,98,100,4.73,RU,1702358259
31,puerto baquerizo moreno,-0.9,-89.6,297.12,88,46,3.83,EC,1702358259
32,kavaratti,10.5669,72.642,301.85,66,85,1.05,IN,1702358259
33,palmas,-10.2128,-48.3603,297.08,94,0,1.54,BR,1702358260
34,edinburgh of the seven seas,-37.0676,-12.3116,287.56,93,100,9.74,SH,1702358260
35,sitka,57.0531,-135.33,281.09,66,100,8.75,US,1702358260
36,roma,43.2128,-75.4557,274.24,74,100,4.12,US,1702358261
37,kerikeri,-35.2268,173.9474,292.54,68,1,2.24,NZ,1702358261
38,emporia,38.4039,-96.1817,275.26,60,0,2.06,US,1702358261
39,malindi,-3.2175,40.1191,299.98,81,100,0.94,KE,1702358262
40,cadale,2.7603,46.3222,300.8,76,75,7.94,SO,1702358262
41,ji'an,27.1172,114.9793,282.99,79,100,3.15,CN,1702358262
42,katsuura,35.1333,140.3,286.16,91,100,4.25,JP,1702358262
43,yokadouma,3.5167,15.05,293.04,55,100,1.24,CM,1702358263
44,kailua-kona,19.6406,-155.9956,300.13,90,40,3.09,US,1702358140
45,antsohihy,-14.8796,47.9875,301.84,68,22,1.22,MG,1702358263
46,san antonio de pale,-1.4014,5.6325,299.53,83,98,1.79,GQ,1702358264
47,galle,6.0367,80.217,300.39,79,99,1.74,LK,1702358264
48,bethel,41.3712,-73.414,275.1,65,40,1.54,US,1702358264
49,stavern,59.0,10.0333,271.55,90,90,6.53,NO,1702358265
50,halifax,44.6453,-63.5724,279.15,88,100,4.92,CA,1702358260
51,puerto ayora,-0.7393,-90.3518,297.1,88,11,2.54,EC,1702358265
52,georgetown,5.4112,100.3354,304.12,74,40,3.09,MY,1702358265
53,longyearbyen,78.2186,15.6401,264.06,62,40,6.69,SJ,1702358093
54,college,64.8569,-147.8028,263.33,83,100,2.57,US,1702358266
55,pyt-yakh,60.7499,72.8582,245.7,89,98,3.04,RU,1702358266
56,shenjiamen,29.9576,122.298,282.21,75,100,9.8,CN,1702358267
57,al qadarif,14.0349,35.3834,297.63,30,17,3.78,SD,1702358267
58,whitehorse,60.7161,-135.0538,276.58,60,75,10.29,CA,1702358142
59,vernon,50.2581,-119.2691,275.24,91,64,1.03,CA,1702358267
60,gebre guracha,9.8,38.4,287.21,48,68,0.65,ET,1702358268
61,ishqoshim,36.7248,71.6133,270.86,82,97,2.1,TJ,1702358268
62,nikolayevsk-on-amure,53.1406,140.73,252.76,78,4,2.44,RU,1702358268
63,abdanan,32.9926,47.4198,288.94,44,100,1.69,IR,1702358268
64,adamstown,-25.066,-130.1015,294.76,65,73,1.45,PN,1702358269
65,callao,-12.0667,-77.15,294.1,77,20,4.12,PE,1702358269
66,vilyuchinsk,52.9306,158.4028,265.3,81,49,2.68,RU,1702358269
67,beboto,8.2668,16.939,291.12,29,91,2.19,TD,1702358270
68,hamilton,39.1834,-84.5333,273.69,83,0,3.09,US,1702358270
69,arta,39.1606,20.9853,282.95,85,42,2.01,GR,1702358271
70,sur,22.5667,59.5289,297.87,51,3,1.01,OM,1702358271
71,champerico,14.3,-91.9167,299.96,70,57,1.85,GT,1702358271
72,badger,64.8,-147.5333,263.29,85,100,2.57,US,1702358271
73,port blair,11.6667,92.75,302.05,71,97,5.02,IN,1702358272
74,sirte,31.2089,16.5887,290.86,73,0,4.53,LY,1702358272
75,idri,27.5,13.2667,283.92,45,0,3.17,LY,1702358272
76,la calera,-31.3438,-64.3353,296.62,51,0,5.14,AR,1702358273
77,bikenibeu village,1.3673,173.1241,301.89,69,98,1.01,KI,1702358273
78,yellowknife,62.456,-114.3525,248.46,92,75,3.09,CA,1702358273
79,morondava,-20.2833,44.2833,303.68,56,39,1.55,MG,1702358274
80,laojunmiao,39.8333,97.7333,278.96,8,98,3.38,CN,1702358274
81,utrik,11.2278,169.8474,300.3,72,60,8.33,MH,1702358274
82,vorgashor,67.5833,63.95,255.94,95,100,6.72,RU,1702358275
83,olonkinbyen,70.9221,-8.7187,272.91,98,98,2.15,SJ,1702358275
84,rimouski,48.4488,-68.524,271.25,85,100,8.23,CA,1702358126
85,recani,31.2846,-4.2688,286.64,42,91,1.16,MA,1702358275
86,hailin,44.5833,129.4167,260.23,56,4,0.99,CN,1702358276
87,albany,42.6001,-73.9662,273.93,73,64,0.89,US,1702358130
88,yeniseysk,58.4497,92.1703,239.79,97,79,0.89,RU,1702358277
89,iqaluit,63.7506,-68.5145,257.0,78,75,2.06,CA,1702358277
90,walvis bay,-22.9575,14.5053,289.87,90,39,0.64,NA,1702358277
91,kodiak,57.79,-152.4072,267.88,74,0,2.06,US,1702358277
92,lochbuie,40.0072,-104.7161,277.91,83,75,4.12,US,1702358278
93,ola,59.5833,151.2833,267.13,93,100,6.89,RU,1702358278
94,sarkand,45.41,79.9186,259.67,95,100,2.09,KZ,1702358278
95,flin flon,54.7682,-101.865,258.63,76,76,6.15,CA,1702358279
96,atafu village,-8.5421,-172.5159,302.11,79,100,8.25,TK,1702358279
97,mermoz boabab,14.7065,-17.4758,295.46,67,30,6.04,SN,1702358279
98,hermanus,-34.4187,19.2345,289.9,62,100,4.3,ZA,1702358280
99,dudinka,69.4058,86.1778,251.86,97,100,5.81,RU,1702358280
100,north platte,41.1239,-100.7654,276.55,75,0,7.15,US,1702358280
101,shumikha,55.2261,63.2961,243.24,95,14,2.19,RU,1702358280
102,lionel town,17.8101,-77.2406,300.09,87,97,2.29,JM,1702358281
103,udachny,66.4167,112.4,248.01,98,99,3.19,RU,1702358281
104,tura,25.5198,90.2201,296.24,55,2,1.03,IN,1702358281
105,lezhe,41.7836,19.6436,282.33,80,76,2.08,AL,1702358282
106,mejit,10.2753,170.8646,300.37,75,74,8.39,MH,1702358282
107,ulety,51.3572,112.4849,251.97,73,54,1.14,RU,1702358282
108,hadibu,12.65,54.0333,298.4,65,77,5.18,YE,1702358283
109,puerto natales,-51.7236,-72.4875,279.29,87,90,4.38,CL,1702358186
110,molde,62.7375,7.1591,269.06,86,100,3.09,NO,1702358283
111,lihue,21.9789,-159.3672,297.24,88,40,3.6,US,1702358284
112,seryshevo,51.0933,128.3786,251.97,77,5,3.38,RU,1702358284
113,port elizabeth,-33.918,25.5701,292.09,80,4,4.02,ZA,1702358285
114,hasaki,35.7333,140.8333,289.42,87,100,6.09,JP,1702358285
115,penjamo,20.4333,-101.7333,283.55,86,99,1.24,MX,1702358286
116,blackmans bay,-43.0167,147.3167,295.22,45,100,3.0,AU,1702358286
117,jamestown,42.097,-79.2353,273.92,81,100,5.14,US,1702358287
118,shira,54.4911,89.9531,245.55,92,12,1.07,RU,1702358287
119,belaya kholunitsa,58.84,50.8528,253.74,84,100,5.95,RU,1702358287
120,saint-joseph,-21.3667,55.6167,300.36,69,51,4.0,RE,1702358288
121,petropavlovsk-kamchatsky,53.0452,158.6483,264.48,87,40,7.6,RU,1702358288
122,vila franca do campo,37.7167,-25.4333,287.38,80,52,3.07,PT,1702358289
123,adrar,20.5022,-10.0711,288.63,24,36,4.35,MR,1702358289
124,cidreira,-30.1811,-50.2056,293.91,82,3,7.19,BR,1702358289
125,vadso,70.0744,29.7487,264.24,79,20,5.66,NO,1702358290
126,afaahiti,-17.75,-149.2833,300.08,79,94,10.28,PF,1702358290
127,keflavik,64.0049,-22.5624,271.39,86,20,1.03,IS,1702358291
128,myitkyina,25.3833,97.4,298.24,43,26,1.1,MM,1702358291
129,bukene,-4.2333,32.8833,292.82,90,100,1.36,TZ,1702358292
130,island harbour,50.724,-1.2758,285.89,94,95,2.68,GB,1702358292
131,vrangel',42.7297,133.0839,268.33,35,6,6.17,RU,1702358292
132,heishan,41.6892,122.1128,264.94,28,22,4.18,CN,1702358293
133,ribeira grande,38.5167,-28.7,286.91,77,2,2.68,PT,1702358293
134,luganville,-15.5333,167.1667,299.39,69,100,4.22,VU,1702358293
135,carutapera,-1.195,-46.02,299.43,81,74,3.42,BR,1702358294
136,gwadar,25.1216,62.3254,298.39,24,93,2.34,PK,1702358294
137,el porvenir,13.7617,-87.3458,294.78,71,55,2.88,HN,1702358295
138,tangalle,6.024,80.7911,301.58,71,100,0.6,LK,1702358295
139,rouissat,31.9243,5.3502,282.19,49,0,2.06,DZ,1702358295
140,nova sintra,14.8667,-24.7167,295.79,66,75,6.1,CV,1702358296
141,mpanda,-6.3655,31.0409,293.63,93,100,0.25,TZ,1702358297
142,la sarre,48.8002,-79.1996,263.43,87,53,3.82,CA,1702358297
143,bredasdorp,-34.5322,20.0403,289.63,57,100,4.44,ZA,1702358298
144,tiksi,71.6872,128.8694,250.32,100,100,3.01,RU,1702358298
145,santa maria del oro,25.9333,-105.3667,284.08,52,35,0.69,MX,1702358299
146,parry sound,45.3501,-80.033,273.18,80,94,6.25,CA,1702358004
147,santiago de cao,-7.9589,-79.2392,293.22,83,8,3.6,PE,1702358299
148,strassgang,47.0333,15.4,272.91,100,20,1.03,AT,1702358300
149,kapuskasing,49.4169,-82.4331,267.2,93,100,4.63,CA,1702358300
150,constantia,44.1833,28.65,273.54,80,87,4.31,RO,1702358301
151,port mathurin,-19.6833,63.4167,299.35,75,16,5.66,MU,1702358301
152,batouri,4.4333,14.3667,292.59,52,100,1.35,CM,1702358302
153,port alfred,-33.5906,26.891,292.69,86,11,3.13,ZA,1702358302
154,ulladulla,-35.35,150.4667,302.47,62,72,4.24,AU,1702358302
155,port lincoln,-34.7333,135.8667,294.14,53,70,4.05,AU,1702358145
156,shimanovsk,52.0,127.7,251.17,64,5,3.97,RU,1702358303
157,polyarnyy,69.1989,33.4478,257.08,98,30,4.78,RU,1702358304
158,remire-montjoly,4.9167,-52.2667,297.17,100,20,1.03,GF,1702358304
159,nadym,65.5333,72.5167,248.01,91,100,5.51,RU,1702358304
160,kingston,17.997,-76.7936,299.68,79,20,1.03,JM,1702358305
161,saipan,15.1355,145.701,302.54,74,40,6.17,MP,1702358305
162,lensk,60.7253,114.9278,245.38,94,96,2.23,RU,1702358305
163,port saint john's,-31.6229,29.5448,295.36,78,45,2.92,ZA,1702358306
164,chibougamau,49.9168,-74.3659,260.94,79,100,4.12,CA,1702358306
165,klyuchi,52.2667,79.1667,249.31,81,31,6.9,RU,1702358306
166,tazovsky,67.4667,78.7,247.75,91,100,4.08,RU,1702358307
167,mata-utu,-13.2816,-176.1745,300.58,73,100,5.29,WF,1702358305
168,hwange,-18.3693,26.5019,296.75,67,58,2.44,ZW,1702358307
169,flying fish cove,-10.4217,105.6791,300.97,69,40,4.12,CX,1702358308
170,kaya,13.0917,-1.0844,292.05,23,0,5.63,BF,1702358308
171,cabo san lucas,22.8909,-109.9124,295.24,81,57,1.19,MX,1702358308
172,tarko-sale,64.9225,77.785,245.7,85,100,5.37,RU,1702358309
173,paso de los toros,-32.8167,-56.5167,290.99,93,17,5.75,UY,1702358309
174,susuman,62.7833,148.1667,251.47,96,100,2.24,RU,1702358309
175,nyurba,63.2842,118.3319,243.58,98,100,2.19,RU,1702358310
176,mulayjah,27.271,48.4242,294.38,30,96,1.87,SA,1702358310
177,selkirk,50.1436,-96.8845,267.19,71,98,3.58,CA,1702358302
178,margaret river,-33.95,115.0667,296.41,58,0,4.73,AU,1702358311
179,thabazimbi,-24.5917,27.4116,294.38,79,4,1.49,ZA,1702358311
180,iranshahr,27.2025,60.6848,292.34,19,0,2.06,IR,1702358312
181,minas de marcona,-15.2119,-75.1103,289.28,83,70,4.13,PE,1702358312
182,magomeni,-6.8,39.25,300.88,74,35,0.75,TZ,1702358312
183,alice springs,-23.7,133.8833,303.9,22,2,1.03,AU,1702358313
184,corumba,-19.0092,-57.6533,298.42,75,14,1.0,BR,1702358301
185,huilong,31.8111,121.655,281.2,68,97,6.8,CN,1702358314
186,ishikawa,26.4233,127.8214,295.33,78,100,4.63,JP,1702358314
187,mount gambier,-37.8333,140.7667,304.35,38,77,2.79,AU,1702358315
188,aykhal,66.0,111.5,245.86,100,100,2.32,RU,1702358181
189,morden,49.1919,-98.1014,267.07,68,10,7.2,CA,1702358316
190,upata,8.0086,-62.3989,297.15,95,39,1.65,VE,1702358316
191,lakatoro,-16.0999,167.4164,299.69,61,100,5.55,VU,1702358316
192,iskateley,67.6803,53.1512,258.89,92,100,6.95,RU,1702358317
193,kapa'a,22.0752,-159.319,297.65,87,40,3.6,US,1702358317
194,mudkhed,19.1667,77.5167,298.17,42,32,3.26,IN,1702358317
195,baglung,28.2719,83.5898,289.43,53,76,1.84,NP,1702358318
196,kavieng,-2.5744,150.7967,302.16,74,96,4.18,PG,1702358318
197,kendari,-3.945,122.4989,303.26,69,98,1.18,ID,1702358318
198,kardla,58.9978,22.7492,270.14,93,100,3.6,EE,1702358319
199,tsiombe,-25.3,45.4833,302.94,54,99,1.2,MG,1702358319
200,booue,-0.0921,11.9385,295.47,99,100,0.99,GA,1702358241
201,tazacorte,28.629,-17.9293,292.69,45,0,3.09,ES,1702358320
202,ust-nera,64.5667,143.2,251.93,99,100,3.83,RU,1702358320
203,chonglong,29.7806,104.8522,286.35,67,98,1.7,CN,1702358320
204,cockburn town,21.4612,-71.1419,299.73,81,80,9.7,TC,1702358321
205,motueka,-41.1333,173.0167,293.2,40,6,5.22,NZ,1702358321
206,boali,4.8005,18.1275,294.77,34,99,2.9,CF,1702358321
207,pemangkat,1.1667,108.9667,301.96,75,42,2.54,ID,1702358322
208,sao jose da coroa grande,-8.8978,-35.1478,297.93,77,2,3.23,BR,1702358322
209,cox's bazar,21.4532,91.9798,296.97,65,0,2.34,BD,1702358322
210,rio grande,-32.035,-52.0986,293.68,85,24,6.56,BR,1702358322
211,la passe,45.5549,-0.8967,286.28,94,100,3.24,FR,1702358323
212,timbiras,-4.2553,-43.9406,296.83,89,46,1.39,BR,1702358323
213,mogadishu,2.0371,45.3438,300.89,77,67,5.93,SO,1702358323
214,gondar,12.6,37.4667,288.77,49,100,1.81,ET,1702358324
215,namalenga,-10.95,39.1,299.16,78,72,0.84,TZ,1702358324
216,gunjur,13.2019,-16.7339,293.19,88,0,0.0,GM,1702358325
217,tolanaro,-25.0319,46.9987,300.44,75,89,4.06,MG,1702358325
218,liperi,62.5333,29.3667,260.53,85,100,2.57,FI,1702358325
219,kayes,14.0,-11.0,294.63,18,6,1.8,ML,1702358326
220,sao joao da barra,-21.6403,-41.0511,295.49,97,99,4.4,BR,1702358326
221,san pablo villa de mitla,16.9167,-96.4,284.63,88,94,2.72,MX,1702358326
222,saldanha,-33.0117,17.9442,290.22,70,53,10.25,ZA,1702358326
223,umarizal,-5.9906,-37.8144,298.45,69,21,2.38,BR,1702358327
224,freetown,8.484,-13.2299,297.99,83,20,2.57,SL,1702358327
225,horsham,51.064,-0.3272,285.62,96,75,3.09,GB,1702358174
226,arraial do cabo,-22.9661,-42.0278,296.0,88,46,4.57,BR,1702358328
227,phan rang-thap cham,11.5667,108.9833,304.66,51,65,5.76,VN,1702358328
228,bardai,11.65,7.2333,285.21,43,0,4.49,NG,1702358328
229,kulhudhuffushi,6.6221,73.07,298.57,91,99,4.47,MV,1702358329
230,salinas,36.6777,-121.6555,285.41,81,0,2.57,US,1702358042
231,emerald,-23.5333,148.1667,303.9,51,86,7.92,AU,1702358194
232,pisco,-13.7,-76.2167,293.18,83,69,3.6,PE,1702358330
233,moussoro,13.6408,16.4901,289.75,34,14,6.01,TD,1702358330
234,palmer,42.1584,-72.3287,275.08,65,75,5.14,US,1702358330
235,tomatlan,19.9333,-105.25,295.07,66,0,2.09,MX,1702358331
236,east end,34.5507,-92.341,281.35,73,0,2.11,US,1702358331
237,turpan,42.9333,89.1667,275.88,45,87,1.21,CN,1702358331
238,stornoway,58.2093,-6.3865,279.28,82,20,6.17,GB,1702358332
239,san patricio,28.017,-97.5169,291.07,61,99,2.6,US,1702358332
240,nema,57.5067,50.5011,253.63,80,100,6.41,RU,1702358332
241,ushibukamachi,32.1906,130.0228,291.27,82,90,3.43,JP,1702358333
242,pindi bhattian,31.8978,73.273,291.12,20,0,2.67,PK,1702358333
243,anadyr,64.75,177.4833,247.59,75,30,4.0,RU,1702358333
244,izluchinsk,60.9794,76.9242,244.26,92,100,3.3,RU,1702358334
245,fada,9.5667,8.3,289.4,27,15,3.57,NG,1702358334
246,nuku'alofa,-21.1333,-175.2,301.34,69,40,3.6,TO,1702358334
247,xiangcheng chengguanzhen,33.847,113.4778,275.57,72,14,1.62,CN,1702358334
248,betio village,1.358,172.9211,301.71,71,98,1.21,KI,1702358335
249,mendoza,-32.8908,-68.8272,299.89,39,20,2.06,AR,1702358128
250,acajutla,13.5928,-89.8275,300.95,60,35,4.4,SV,1702358335
251,jinchang,38.4953,102.1739,282.94,12,42,0.82,CN,1702358336
252,pandan,14.0453,124.1694,302.05,75,40,4.18,PH,1702358336
253,ibotirama,-12.1853,-43.2206,296.04,54,48,0.92,BR,1702358336
254,harstad,68.799,16.5293,271.01,91,58,2.38,NO,1702358337
255,manavalakurichi,8.1333,77.3,301.72,65,99,4.21,IN,1702358337
256,aldinga beach,-35.2793,138.4604,297.74,70,89,3.32,AU,1702358337
257,tombodu,8.1333,-10.6167,290.95,65,13,0.8,SL,1702358337
258,lazaro cardenas,17.9583,-102.2,297.97,62,5,1.98,MX,1702358215
259,naryshkino,52.9678,35.7268,271.03,98,100,5.82,RU,1702358338
260,argostolion,38.1811,20.489,284.68,63,75,2.17,GR,1702358338
261,mazamari,-11.3258,-74.5308,295.7,91,91,0.84,PE,1702358339
262,rabo de peixe,37.8,-25.5833,286.88,72,20,3.6,PT,1702358339
263,alto araguaia,-17.3147,-53.2153,294.11,93,56,2.15,BR,1702358339
264,humaita,-7.5061,-63.0208,297.06,98,98,1.68,BR,1702358339
265,kassala,15.451,36.4,298.65,44,3,2.22,SD,1702358340
266,merelani,-3.5618,36.979,295.1,78,85,1.7,TZ,1702358340
267,punta arenas,-53.15,-70.9167,280.21,76,0,8.23,CL,1702358340
268,lobujya,27.95,86.8167,261.48,56,0,3.43,NP,1702358341
269,veraval,20.9,70.3667,298.53,29,100,2.75,IN,1702358341
270,carnarvon,-24.8667,113.6333,303.61,38,0,6.3,AU,1702358342
271,qaqortoq,60.7167,-46.0333,273.15,95,100,3.91,GL,1702358342
272,thompson,55.7435,-97.8558,258.24,72,75,7.72,CA,1702358260
273,panacan,9.2463,118.4082,302.73,70,16,5.97,PH,1702358343
274,dul'durga,50.6761,113.5931,252.03,75,31,0.38,RU,1702358343
275,balqash,46.8481,74.995,254.48,50,0,12.0,KZ,1702358343
276,kaka,37.3482,59.6143,274.05,64,26,2.93,TM,1702358344
277,chui,-33.6971,-53.4616,291.08,95,80,3.45,UY,1702358344
278,geraldton,-28.7667,114.6,310.38,12,0,8.23,AU,1702358345
279,sooke,48.3746,-123.7276,280.69,90,39,6.17,CA,1702358345
280,chyorny yar,48.0624,46.1091,266.6,64,100,10.79,RU,1702358346
281,colac,-38.3333,143.5833,300.97,46,66,4.7,AU,1702358346
282,igaci,-9.5369,-36.6336,294.58,88,19,3.58,BR,1702358346
283,umluj,25.0213,37.2685,297.92,71,57,3.4,SA,1702358347
284,el calafate,-50.3408,-72.2768,280.75,69,43,4.55,AR,1702358348
285,cherdyn',60.403,56.4787,248.22,86,100,4.36,RU,1702358348
286,praia da vitoria,38.7333,-27.0667,287.29,77,20,5.78,PT,1702358349
287,muroto-misakicho,33.2833,134.15,292.6,81,38,1.52,JP,1702358349
288,nemuro,43.3236,145.575,274.77,99,100,4.65,JP,1702358350
289,castillos,-34.1667,-53.8333,290.63,96,96,3.12,UY,1702358350
290,adam,22.3756,57.5233,294.35,49,7,1.74,OM,1702358350
291,alexandroupoli,40.8475,25.8744,280.05,100,40,0.0,GR,1702358350
292,alesund,62.4723,6.1549,274.23,66,75,6.17,NO,1702358139
293,yorkton,51.2167,-102.4677,262.06,62,0,7.2,CA,1702358351
294,la ronge,55.1001,-105.2842,259.29,72,0,3.09,CA,1702358351
295,ayorou,14.7308,0.9174,291.0,26,0,4.99,NE,1702358352
296,nguigmi,14.2495,13.1092,289.93,37,0,6.01,NE,1702358352
297,ujae,8.9322,165.7642,300.89,73,40,9.95,MH,1702358352
298,weno,7.4515,151.8468,300.12,89,100,3.6,FM,1702358353
299,enewetak,11.3474,162.3373,301.03,77,9,8.27,MH,1702358353
300,baoqing,46.3317,132.2111,257.67,68,46,2.45,CN,1702358354
301,kisujszallas,47.2167,20.7667,278.16,96,89,4.45,HU,1702358354
302,lompoc,34.6391,-120.4579,284.03,95,0,2.57,US,1702358354
303,cambria,35.5641,-121.0808,287.94,86,42,0.89,US,1702358281
304,sittwe,20.15,92.9,297.65,68,1,0.43,MM,1702358355
305,beledweyne,4.7358,45.2036,299.47,63,60,6.32,SO,1702358355
306,trabzon,40.9167,39.8333,283.2,82,75,1.54,TR,1702358355
307,huarmey,-10.0681,-78.1522,293.32,86,15,2.88,PE,1702358356
308,akureyri,65.6835,-18.0878,265.11,86,100,0.0,IS,1702358356
309,san rafael del sur,11.8485,-86.4384,299.69,73,0,5.84,NI,1702358357
310,kidal,18.4411,1.4078,289.56,37,0,8.05,ML,1702358357
311,mombaca,-5.7431,-39.6275,297.96,74,40,3.29,BR,1702358357
312,winneba,5.3511,-0.6231,298.41,88,52,1.64,GH,1702358358
313,verkhovazh'ye,60.7472,42.0465,263.23,92,100,5.11,RU,1702358358
314,jamaame,0.0697,42.745,301.88,69,99,3.52,SO,1702358358
315,khovd,48.0056,91.6419,257.22,78,100,1.19,MN,1702358359
316,portland,45.5234,-122.6762,281.95,90,20,3.13,US,1702358359
317,brookings,44.3114,-96.7984,269.32,72,0,4.12,US,1702358312
318,gumdag,39.2061,54.5906,271.73,30,65,14.91,TM,1702358360
319,isla aguada,18.7833,-91.4667,296.92,69,100,7.21,MX,1702358360
320,ulanhot,46.0833,122.0833,258.44,55,98,1.98,CN,1702358360
321,mae tha,18.4646,99.1403,304.2,53,61,0.62,TH,1702358361
322,uturoa,-16.7333,-151.4333,299.89,78,100,9.93,PF,1702358361
323,ceres,37.5949,-120.9577,281.51,84,0,0.0,US,1702358286
324,gumushacikoy,40.8731,35.2147,278.33,92,100,0.7,TR,1702358362
325,villa gesell,-37.2639,-56.973,293.18,88,7,7.6,AR,1702358296
326,hassi messaoud,31.6804,6.0729,282.07,49,0,2.06,DZ,1702358363
327,las vegas,36.175,-115.1372,283.28,28,0,2.57,US,1702358262
328,banda aceh,5.5577,95.3222,301.69,73,95,1.81,ID,1702358364
329,zhezqazghan,47.7833,67.7667,246.47,58,20,10.0,KZ,1702358364
330,pelabuhanratu,-6.9875,106.5514,304.14,56,43,2.51,ID,1702358364
331,blankenberge,51.3131,3.1323,281.69,79,55,5.15,BE,1702358365
332,ciudad lazaro cardenas,17.9583,-102.2,297.97,62,5,1.98,MX,1702358215
333,lowestoft,52.4752,1.7516,282.72,95,86,5.67,GB,1702358366
334,aljezur,37.3191,-8.8033,289.9,93,100,2.61,PT,1702358366
335,guerrero negro,27.9769,-114.0611,291.08,62,100,3.54,MX,1702358366
336,quinte west,44.1834,-77.5662,273.45,75,75,3.6,CA,1702358367
337,codrington,-38.2667,141.9667,309.35,25,94,4.45,AU,1702358367
338,ta`u,-14.2336,-169.5144,299.78,87,98,7.48,AS,1702358367
339,smithers,54.7804,-127.1743,268.33,93,100,3.09,CA,1702358368
340,loango,-4.6719,11.8312,297.55,90,100,2.33,CG,1702358368
341,hammerfest,70.6634,23.6821,272.4,93,100,4.63,NO,1702358369
342,bend,44.0582,-121.3153,277.8,93,100,4.12,US,1702358369
343,turan,16.0678,108.2208,300.14,78,75,1.54,VN,1702358369
344,pullman,46.7313,-117.1796,277.28,95,100,0.0,US,1702358370
345,rondonopolis,-16.4708,-54.6356,296.37,90,59,1.14,BR,1702358370
346,shimoda,34.6667,138.95,288.35,92,91,1.89,JP,1702358316
347,peterhead,57.5058,-1.7981,279.42,77,100,9.26,GB,1702358371
348,guarapari,-20.6667,-40.4975,298.65,92,100,4.17,BR,1702358241
349,lospalos,-8.5186,127.0025,301.87,68,99,0.9,TL,1702358372
350,wynyard,-41.0,145.7167,292.77,67,100,2.96,AU,1702358372
351,amga,60.8953,131.9608,245.76,95,100,3.14,RU,1702358373
352,battagram,34.6772,73.0233,286.27,24,12,1.05,PK,1702358373
353,kabinda,-6.1333,24.4833,293.14,95,100,1.19,CD,1702358373
354,conde,-7.2597,-34.9075,297.85,88,20,2.06,BR,1702358374
355,crane,31.3974,-102.3501,282.66,38,51,4.87,US,1702358374
356,ancud,-41.8697,-73.8203,282.31,84,76,3.53,CL,1702358374
357,nefta,33.8731,7.8777,284.29,50,8,2.6,TN,1702358375
358,labytnangi,66.6572,66.4183,250.06,95,100,3.72,RU,1702358375
359,nuriootpa,-34.4833,139.0,297.81,37,63,4.41,AU,1702358375
360,karachev,53.1229,34.9852,272.28,98,100,5.37,RU,1702358376
361,mar del plata,-38.0023,-57.5575,292.56,89,37,9.83,AR,1702358376
362,mongo,12.1844,18.693,290.13,30,91,3.12,TD,1702358376
363,kristiansund,63.1115,7.732,272.51,69,75,2.06,NO,1702358377
364,fernley,39.608,-119.2518,279.18,47,85,1.83,US,1702358377
365,norwich,52.6278,1.2983,282.24,92,100,2.06,GB,1702358115
366,la libertad,-2.2333,-80.9,297.22,82,99,4.39,EC,1702358378
367,sisimiut,66.9395,-53.6735,271.03,97,100,5.7,GL,1702358378
368,ascension,30.2169,-90.9001,279.15,81,0,0.0,US,1702358379
369,vallenar,-28.5708,-70.7581,292.72,58,0,1.21,CL,1702358379
370,mulki,13.1,74.8,302.75,74,20,2.06,IN,1702358379
371,kisangani,0.5167,25.2,295.34,99,100,1.82,CD,1702358380
372,balakovo,52.0278,47.8007,260.36,83,100,7.65,RU,1702358380
373,prince rupert,54.3161,-130.3201,276.98,80,0,10.29,CA,1702358380
374,preobrazheniye,42.9019,133.9064,269.05,31,25,2.2,RU,1702358381
375,atar,20.5169,-13.0499,290.66,19,61,3.26,MR,1702358381
376,karema,-6.8205,30.4389,295.32,91,100,2.48,TZ,1702358381
377,jiuquan,39.7432,98.5174,278.4,17,73,3.82,CN,1702358382
378,laguna,38.421,-121.4238,283.2,81,0,1.54,US,1702358382
379,meiganga,6.5167,14.3,290.15,36,100,2.06,CM,1702358382
380,fort st. john,56.2499,-120.8529,270.09,68,40,5.66,CA,1702358110
381,kenai,60.5544,-151.2583,270.18,100,0,2.06,US,1702358383
382,plastun,44.7561,136.2939,265.02,35,89,4.81,RU,1702358383
383,chamical,-30.36,-66.314,297.2,43,0,4.59,AR,1702358384
384,ketchikan,55.3422,-131.6461,279.14,75,100,6.69,US,1702358384
385,cootamundra,-34.65,148.0333,306.45,30,100,2.29,AU,1702358384
386,thunder bay,48.4001,-89.3168,270.14,74,75,5.14,CA,1702358110
387,kuanda,56.3161,116.0806,241.36,93,78,0.59,RU,1702358385
388,marsa alam,25.0757,34.8918,295.26,61,10,4.98,EG,1702358385
389,mutuali,-14.8706,37.0044,299.49,66,29,1.92,MZ,1702358386
390,nantucket,41.2835,-70.0995,276.56,69,6,12.38,US,1702358386
391,mendefera,14.8872,38.8153,290.51,44,91,0.38,ER,1702358386
392,tadine,-21.55,167.8833,297.41,67,93,6.53,NC,1702358386
393,salamanca,40.8333,-6.0,284.61,95,100,4.27,ES,1702358166
394,yacuiba,-22.038,-63.6797,297.08,77,100,2.07,BO,1702358387
395,wajir,1.7471,40.0573,299.95,69,97,5.09,KE,1702358387
396,andergrove,-21.0833,149.1833,299.06,87,81,9.69,AU,1702358388
397,marcali,46.585,17.412,273.08,90,18,0.74,HU,1702358388
398,farafangana,-22.8167,47.8333,300.19,77,28,3.59,MG,1702358388
399,labrador city,52.9463,-66.9114,265.1,79,100,3.6,CA,1702358389
400,sungai penuh,-2.0833,101.3833,297.66,73,74,2.24,ID,1702358389
401,seydi,39.4816,62.9137,266.38,27,1,7.3,TM,1702358389
402,smara,26.7384,-11.6719,289.18,31,60,4.78,EH,1702358390
403,stephenville,32.2207,-98.2023,282.12,50,0,1.54,US,1702358390
404,hastings,50.8552,0.5729,285.44,91,98,6.91,GB,1702358390
405,kenora,49.8167,-94.4337,265.69,73,100,5.66,CA,1702358391
406,ghadamis,30.1337,9.5007,284.72,48,0,2.97,LY,1702358391
407,at taj,24.2049,23.2857,283.54,70,3,4.4,LY,1702358392
408,gebeit,21.0667,36.3167,295.38,44,69,1.84,SD,1702358392
409,sao vicente,-23.9631,-46.3919,296.25,26,68,0.31,BR,1702358187
410,paungde,18.4833,95.5,301.99,62,43,3.14,MM,1702358393
411,mazatlan,23.2167,-106.4167,296.43,80,0,0.89,MX,1702358393
412,port macquarie,-31.4333,152.9167,300.31,62,0,4.57,AU,1702358393
413,bukama,-9.2,25.85,294.62,98,100,1.28,CD,1702358393
414,prince george,53.9166,-122.753,270.84,100,100,1.54,CA,1702358343
415,ilha de mocambique,-15.0342,40.7358,300.82,76,25,1.34,MZ,1702358394
416,okhotsk,59.3833,143.3,262.19,93,100,0.41,RU,1702358394
417,pariaman,-0.619,100.12,303.18,79,100,2.64,ID,1702358395
418,strathmore,51.0501,-113.3852,268.82,92,92,4.12,CA,1702358395
419,chernyshevskiy,63.0128,112.4714,243.77,97,100,1.17,RU,1702358395
420,zambezi,-13.5432,23.1047,291.86,94,100,2.71,ZM,1702358396
421,markovo,57.3206,107.0881,244.64,94,95,0.48,RU,1702358396
422,gaspe,48.8334,-64.4819,275.1,93,40,3.6,CA,1702358396
423,as sulayyil,20.4607,45.5779,285.29,27,76,1.14,SA,1702358396
424,jincheng,35.5022,112.8328,272.58,98,100,1.7,CN,1702358397
425,sultanah,24.4926,39.5857,293.4,17,20,2.57,SA,1702358397
426,antigonish,45.6169,-61.9986,283.79,90,100,4.92,CA,1702358398
427,kemijarvi,66.7131,27.4306,249.28,100,97,0.54,FI,1702358398
428,yung shue wan,22.2333,114.1167,302.48,61,3,2.25,HK,1702358398
429,rio formoso,-8.6636,-35.1586,296.96,82,3,1.88,BR,1702358398
430,radomsko,51.0671,19.4448,277.28,91,100,6.78,PL,1702358399
431,san julian,21.0167,-102.1667,280.82,90,68,1.15,MX,1702358399
432,sainte-anne-des-monts,49.124,-66.4924,272.08,100,100,10.29,CA,1702358118
433,kill devil hills,36.0307,-75.676,279.81,69,0,3.09,US,1702358400
434,korla,41.7597,86.1469,272.73,49,59,1.12,CN,1702358400
435,porto novo,6.4965,2.6036,299.05,91,0,2.01,BJ,1702358400
436,egilsstadir,65.2653,-14.3948,272.1,69,100,1.54,IS,1702358401
437,quang ngai,15.1167,108.8,300.15,71,97,1.87,VN,1702358401
438,shalkar,47.8288,59.6258,250.65,57,0,8.99,KZ,1702358402
439,kirensk,57.7853,108.1119,243.13,96,98,0.89,RU,1702358402
440,port shepstone,-30.7414,30.455,294.45,82,100,4.57,ZA,1702358403
441,kruisfontein,-34.0033,24.7314,290.86,63,0,6.51,ZA,1702358403
442,lockwood,45.8191,-108.4149,274.49,87,75,3.09,US,1702358404
443,fortuna,40.5982,-124.1573,284.07,97,100,0.0,US,1702358404
444,conceicao do araguaia,-8.2578,-49.2647,297.27,86,99,2.03,BR,1702358405
445,byron bay,-28.65,153.6167,301.88,56,64,3.52,AU,1702358405
446,touros,-5.1989,-35.4608,299.16,75,23,5.79,BR,1702358406
447,pacific grove,36.6177,-121.9166,285.18,88,0,2.57,US,1702358218
448,matoury,4.8483,-52.3317,297.13,100,20,1.03,GF,1702358406
449,pyshma,56.9523,63.2513,242.37,94,35,3.05,RU,1702358407
450,queenstown,-31.8976,26.8753,291.99,60,0,1.38,ZA,1702358407
451,taro,-8.3862,115.28,300.15,65,90,1.91,ID,1702358407
452,graham,47.0529,-122.2943,280.55,92,100,2.57,US,1702358408
453,sault ste. marie,46.5168,-84.3333,273.31,78,100,7.2,CA,1702358176
454,tofol,5.3248,163.0078,304.03,70,75,7.72,FM,1702358409
455,salaverry,-8.2333,-78.9667,292.36,88,32,2.78,PE,1702358409
456,vorkuta,67.5,64.0,256.25,95,100,6.81,RU,1702358410
457,garachico,28.7781,-17.7646,291.21,45,0,3.09,ES,1702358410
458,kuttampuzha,10.1511,76.7339,303.79,57,92,0.98,IN,1702358410
459,revda,56.801,59.9303,242.42,94,18,1.53,RU,1702358411
460,borogontsy,62.6683,131.1683,240.37,99,100,1.09,RU,1702358411
461,degache,33.9761,8.2081,284.33,71,4,1.54,TN,1702358412
462,oyama,36.3,139.8,289.59,69,99,2.19,JP,1702358412
463,kismayo,-0.3582,42.5454,301.52,73,94,4.18,SO,1702358413
464,malvan,16.0667,73.4667,302.57,40,58,1.07,IN,1702358413
465,cozumel,20.5083,-86.9458,297.56,82,99,7.78,MX,1702358134
466,horta,38.5333,-28.6333,286.49,77,4,2.68,PT,1702358414
467,margate,51.3813,1.3862,284.76,95,75,3.58,GB,1702358414
468,opuwo,-18.0607,13.84,294.62,31,99,1.65,NA,1702358415
469,nova vicosa,-17.8919,-39.3719,298.25,86,99,6.13,BR,1702358415
470,namibe,-15.1961,12.1522,294.58,76,29,1.57,AO,1702358416
471,jati,24.3539,68.2671,297.83,46,71,2.6,PK,1702358416
472,yeppoon,-23.1333,150.7333,301.03,69,74,8.71,AU,1702358416
473,turbat,26.0023,63.044,297.41,15,79,5.18,PK,1702358417
474,bozkurt,41.9577,34.0109,283.48,87,100,1.01,TR,1702358417
475,bonthe,7.5264,-12.505,298.89,84,38,1.73,SL,1702358418
476,saint-philippe,-21.3585,55.7679,300.92,71,67,4.12,RE,1702358418
477,mangaldai,26.4333,92.0333,296.45,59,0,2.65,IN,1702358419
478,inarajan village,13.2736,144.7484,303.93,88,16,7.42,GU,1702358419
479,hafendorf,47.4557,15.319,274.72,96,60,1.81,AT,1702358420
480,anyama,5.4946,-4.0518,299.6,87,12,0.13,CI,1702358421
481,corner brook,48.9667,-57.9484,286.24,88,100,9.77,CA,1702358421
482,hithadhoo,-0.6,73.0833,301.02,74,53,2.51,MV,1702358422
483,camarinas,43.1311,-9.1817,288.11,91,100,7.2,ES,1702358422
484,kupang,-10.1667,123.5833,304.47,79,75,4.12,ID,1702358423
485,greensboro,36.0726,-79.792,272.54,91,1,0.89,US,1702358294
486,altamira,-3.2033,-52.2064,295.7,97,94,0.64,BR,1702358409
487,kudahuvadhoo,2.6708,72.8944,301.29,73,24,2.25,MV,1702358424
488,irkutsk,52.2978,104.2964,242.58,57,38,2.0,RU,1702358320
489,puerto deseado,-47.7503,-65.8938,283.25,87,48,5.08,AR,1702358425
490,ust'-ilimsk,58.0006,102.6619,241.73,96,99,0.45,RU,1702358426
491,bucerias,20.75,-105.3333,297.58,100,0,0.0,MX,1702358399
492,howrah,22.5892,88.3103,295.15,60,0,2.57,IN,1702358427
493,qamdo,31.1667,97.2333,272.17,23,0,3.66,CN,1702358427
494,along,28.1667,94.7667,296.4,43,2,0.59,IN,1702358427
495,norilsk,69.3535,88.2027,249.41,98,100,3.22,RU,1702358428
496,armacao de buzios,-22.7469,-41.8817,295.18,95,28,3.7,BR,1702358428
497,tafo,6.7345,-1.6127,294.12,97,8,0.66,GH,1702358429
498,gao,16.6362,1.637,288.98,34,0,6.54,ML,1702358429
499,victoria point,-27.5833,153.3,303.75,53,34,1.79,AU,1702358429
500,pangody,65.85,74.4859,246.74,91,100,5.72,RU,1702358430
501,gorom-gorom,14.4439,-0.2361,291.34,24,0,4.85,BF,1702358430
502,mutum biyu,8.6333,10.7667,291.74,26,87,2.67,NG,1702358431
503,parnu,58.3859,24.4971,270.2,100,100,3.6,EE,1702358431
504,ust-tsilma,65.441,52.1498,257.93,91,100,5.36,RU,1702358432
505,hommersak,58.9317,5.8511,276.16,66,75,1.03,NO,1702358432
506,karratha,-20.7377,116.8463,306.48,22,0,6.28,AU,1702358432
507,madera,37.1666,-119.8343,284.3,72,44,1.23,US,1702358144
508,vilyuysk,63.7553,121.6247,245.1,97,100,2.87,RU,1702358433
509,hojo,33.9766,132.7777,291.75,67,75,4.12,JP,1702358433
510,nieuw amsterdam,5.8833,-55.0833,298.72,91,38,3.25,SR,1702358434
511,padang,-0.9492,100.3543,303.18,82,99,2.65,ID,1702358434
512,alo,7.4178,6.7371,295.44,31,2,0.69,NG,1702358435
513,bestobe,52.4994,73.0975,246.46,87,23,5.86,KZ,1702358435
514,colonia,50.9333,6.95,281.46,82,75,3.09,DE,1702358205
515,gangtok,27.3333,88.6167,287.76,45,19,2.76,IN,1702358436
516,palu,-0.8917,119.8707,304.64,62,29,2.35,ID,1702358150
517,omutninsk,58.67,52.1932,252.78,82,100,5.44,RU,1702358436
518,tczew,54.0924,18.7779,277.81,100,100,2.19,PL,1702358437
519,shiyan,32.6475,110.7781,278.42,85,100,2.81,CN,1702358437
520,kangding,30.0513,101.9603,283.36,49,48,1.87,CN,1702358438
521,lolodorf,3.2333,10.7333,294.58,98,97,0.39,CM,1702358438
522,balaipungut,1.05,101.2833,296.77,99,100,0.62,ID,1702358439
523,kurmuk,10.55,34.2833,298.02,29,41,1.56,SD,1702358439
524,haiku-pauwela,20.9219,-156.3051,298.17,77,20,5.14,US,1702358439
525,papao,-17.75,-149.55,300.97,79,85,11.3,PF,1702358440
526,princeville,45.7668,-61.2985,284.04,93,75,7.6,CA,1702358440
527,enoch,37.7733,-113.0244,276.19,51,0,2.57,US,1702358440
528,luderitz,-26.6481,15.1594,291.3,50,1,8.07,NA,1702358441
529,mbuji-mayi,-6.15,23.6,294.63,95,100,0.52,CD,1702358441
530,belmonte,-15.8631,-38.8828,298.02,86,20,4.23,BR,1702358442
531,elliot lake,46.3834,-82.6331,270.97,80,96,5.93,CA,1702358443
532,tocopilla,-22.092,-70.1979,292.53,75,32,1.87,CL,1702358443
533,robertsport,6.7533,-11.3686,299.05,84,21,2.01,LR,1702358444
534,fort bragg,35.139,-79.006,276.38,83,0,2.57,US,1702358445
535,maisi,43.0395,41.2621,281.46,75,100,1.47,GE,1702358445
536,beau vallon,-20.4189,57.6953,302.28,70,75,3.6,MU,1702358446
537,celestun,20.8667,-90.4,295.22,66,99,5.57,MX,1702358446
538,cannonvale,-20.2833,148.7,298.81,84,27,9.48,AU,1702358446
539,gustavia,17.8962,-62.8498,299.68,74,0,4.92,BL,1702358447
540,fauske,67.2588,15.3918,269.14,79,20,3.67,NO,1702358447
541,mawu,29.5923,107.3139,286.79,78,99,1.42,CN,1702358447
542,jutai,-5.1833,-68.9,296.65,98,99,0.71,BR,1702358448
543,coahuayana de hidalgo,18.7,-103.6583,296.4,64,2,2.24,MX,1702358448
544,angaur state,6.906,134.13,301.83,76,54,5.47,PW,1702358449
545,turabah,21.2141,41.6331,289.61,24,62,3.69,SA,1702358449
546,mount pearl,47.5166,-52.7813,285.0,90,75,11.32,CA,1702358450
547,katoomba,-33.7198,150.3074,299.3,30,78,3.77,AU,1702358450
548,greymouth,-42.4667,171.2,284.98,65,65,8.04,NZ,1702358450
549,glace bay,46.1969,-59.957,284.94,96,100,7.72,CA,1702358451
550,aktau,43.65,51.2,259.47,84,100,12.5,KZ,1702358451
551,itoman,26.1247,127.6694,295.36,83,75,7.72,JP,1702358451
552,bogande,12.9714,-0.1436,291.57,24,0,4.69,BF,1702358452
553,duki,30.1541,68.5728,288.22,21,20,2.01,PK,1702358452
554,kinablangan,7.6947,126.5503,302.13,74,67,3.74,PH,1702358452
555,praya,14.9215,-23.5087,295.45,83,47,4.12,CV,1702358453
556,zaozersk,69.4005,32.4476,255.36,98,37,3.86,RU,1702358453
557,ghatsila,22.6,86.4833,295.4,35,10,1.92,IN,1702358454
558,bambanglipuro,-7.95,110.2833,303.74,55,95,4.53,ID,1702358454
559,ambovombe,-25.1667,46.0833,301.73,61,96,1.23,MG,1702358455
560,grantsville,40.5999,-112.4644,275.17,61,36,0.39,US,1702358455
561,belyy yar,53.6039,91.3903,246.09,76,20,0.0,RU,1702358455
562,puerto lempira,15.2667,-83.7667,298.47,90,52,4.86,HN,1702358456
563,chongqing,29.5628,106.5528,289.94,84,100,2.0,CN,1702358456
564,dibba al-hisn,25.6196,56.2729,293.25,31,76,0.21,AE,1702358456
565,chernyshevsk,52.5243,117.0174,244.91,89,13,1.25,RU,1702358457
566,upington,-28.4478,21.2561,294.36,26,0,3.6,ZA,1702358457
567,souran,35.2916,36.7488,284.69,88,1,1.43,SY,1702358457
568,meerssen,50.8875,5.75,282.75,94,100,4.63,NL,1702358458
569,banska bystrica,48.5,19.5,275.26,100,98,2.13,SK,1702358458
570,arenapolis,-14.4503,-56.8461,295.73,94,82,1.17,BR,1702358458
571,niquero,20.0431,-77.5828,298.2,88,100,5.16,CU,1702358458
572,mendi,-6.1761,143.6513,292.25,83,84,2.13,PG,1702358459
573,ilheus,-14.7889,-39.0494,297.29,89,28,2.54,BR,1702358459
574,yarmouth,41.7057,-70.2286,277.15,70,0,7.2,US,1702358460
575,tobruk,32.0836,23.9764,290.23,74,10,6.37,LY,1702358460
576,altai,46.3722,96.2583,261.03,78,94,1.38,MN,1702358460
577,angra do heroismo,38.65,-27.2167,287.49,88,20,4.44,PT,1702358461
578,talovskiy,51.1144,40.73,266.97,93,100,9.75,RU,1702358461
579,hamirpur,25.95,80.15,294.38,31,0,1.47,IN,1702358461
580,jalai nur,49.45,117.7,250.21,94,93,1.07,CN,1702358462
581,riverside,33.7333,-116.0508,285.47,75,0,0.0,US,1702358462
582,ingeniero guillermo n. juarez,-23.9,-61.85,301.93,58,100,5.11,AR,1702358463
583,baruun-urt,46.6806,113.2792,252.37,95,59,1.74,MN,1702358463
584,nadi,-17.8,177.4167,303.15,51,40,5.14,FJ,1702358464
585,zarghun shahr,32.8473,68.4457,276.88,35,0,1.91,AF,1702358464
586,okha,53.5739,142.9478,253.32,85,40,9.43,RU,1702358464
